mode,block,plaintext,state_entering_aes,expected_ciphertext
ECB,1,6bc1bee22e409f96e93d7e117393172a,00000000000000000000000000000000,3ad77bb40d7a3660a89ecaf32466ef97
ECB,2,ae2d8a571e03ac9c9eb76fac45af8e51,00000000000000000000000000000000,f5d3d58503b9699de785895a96fdbaaf
ECB,3,30c81c46a35ce411e5fbc1191a0a52ef,00000000000000000000000000000000,43b1cd7f598ece23881b00e3ed030688
ECB,4,f69f2445df4f9b17ad2b417be66c3710,00000000000000000000000000000000,7b0c785e27e8ad3f8223207104725dd4
CBC,1,6bc1bee22e409f96e93d7e117393172a,000102030405060708090a0b0c0d0e0f,7649abac8119b246cee98e9b12e9197d
CBC,2,ae2d8a571e03ac9c9eb76fac45af8e51,7649abac8119b246cee98e9b12e9197d,5086cb9b507219ee95db113a917678b2
CBC,3,30c81c46a35ce411e5fbc1191a0a52ef,5086cb9b507219ee95db113a917678b2,73bed6b8e3c1743b7116e69e22229516
CBC,4,f69f2445df4f9b17ad2b417be66c3710,73bed6b8e3c1743b7116e69e22229516,3ff1caa1681fac09120eca307586e1a7
CTR,1,6bc1bee22e409f96e93d7e117393172a,f0f1f2f3f4f5f6f7f8f9fafbfcfdfeff,874d6191b620e3261bef6864990db6ce
CTR,2,ae2d8a571e03ac9c9eb76fac45af8e51,f0f1f2f3f4f5f6f7f8f9fafbfcfdff00,9806f66b7970fdff8617187bb9fffdff
CTR,3,30c81c46a35ce411e5fbc1191a0a52ef,f0f1f2f3f4f5f6f7f8f9fafbfcfdff01,5ae4df3edbd5d35e5b4f09020db03eab
CTR,4,f69f2445df4f9b17ad2b417be66c3710,f0f1f2f3f4f5f6f7f8f9fafbfcfdff02,1e031dda2fbe03d1792170a0f3009cee
CFB-128,1,6bc1bee22e409f96e93d7e117393172a,000102030405060708090a0b0c0d0e0f,3b3fd92eb72dad20333449f8e83cfb4a
CFB-128,2,ae2d8a571e03ac9c9eb76fac45af8e51,3b3fd92eb72dad20333449f8e83cfb4a,c8a64537a0b3a93fcde3cdad9f1ce58b
CFB-128,3,30c81c46a35ce411e5fbc1191a0a52ef,c8a64537a0b3a93fcde3cdad9f1ce58b,26751f67a3cbb140b1808cf187a4f4df
CFB-128,4,f69f2445df4f9b17ad2b417be66c3710,26751f67a3cbb140b1808cf187a4f4df,c04b05357c5d1c0eeac4c66f9ff7f2e6
